<?xml version="1.0" encoding="UTF-8"?>
<feature id="org.eclipse.draw2d.source" version="3.7.2.v20110927-2020-4617w3122212803131" label="%featureName" provider-name="%providerName" image="eclipse_update_120.jpg"    >
	<description >
		%description
	</description>
	<copyright >
		%copyright
	</copyright>
	<license url="%licenseURL">
		%license
	</license>
	<url>
		<update url="http://download.eclipse.org/tools/gef/updates/releases/site.xml" label="%updateSiteName"/>
		<discovery url="http://download.eclipse.org/tools/gef/updates/releases/site.xml" label="%updateSiteName"/>
	</url>
	<plugin id="org.eclipse.draw2d.source" version="3.7.2.v20111017-2020"     unpack="false"/>
</feature>
