<?xml version="1.0" encoding="UTF-8"?>
<!--
    Copyright (c) 2005, 2010 IBM Corporation and others.
    All rights reserved. This program and the accompanying materials
    are made available under the terms of the Eclipse Public License v1.0
    which accompanies this distribution, and is available at
    http://www.eclipse.org/legal/epl-v10.html
   
    Contributors:
        IBM Corporation - initial API and implementation
 -->
<feature
      id="org.eclipse.gef.examples"
      label="%featureName"
      version="3.7.2.v20110928-2020-7G7Y3BgJ9EBCXDS4J9S9"
      provider-name="%providerName"
      plugin="org.eclipse.gef.examples.logic"
      image="eclipse_update_120.jpg">

   <description>
      %description
   </description>

   <copyright>
      %copyright
   </copyright>

   <license>
      %license
   </license>

   <url>
      <update label="%updateSiteName" url="http://download.eclipse.org/tools/gef/updates/releases/site.xml"/>
      <discovery label="%updateSiteName" url="http://download.eclipse.org/tools/gef/updates/releases/site.xml"/>
   </url>

   <includes
         id="org.eclipse.gef.examples.source"
         version="3.7.2.v20110928-2020"/>

   <requires>
      <import plugin="org.eclipse.gef" version="3.6.0" match="compatible"/>
   </requires>

   <plugin
         id="org.eclipse.gef.examples.logic"
         download-size="0"
         install-size="0"
         version="3.7.2.v20110928-2020"
         unpack="false"/>

   <plugin
         id="org.eclipse.gef.examples.flow"
         download-size="0"
         install-size="0"
         version="3.7.0.v20101201-2050"
         unpack="false"/>

   <plugin
         id="org.eclipse.gef.examples.text"
         download-size="0"
         install-size="0"
         version="3.7.0.v20101201-2050"
         unpack="false"/>

   <plugin
         id="org.eclipse.gef.examples.shapes"
         download-size="0"
         install-size="0"
         version="3.7.0.v20101201-2050"
         unpack="false"/>

</feature>
