<?xml version="1.0" encoding="UTF-8"?>
<feature id="org.eclipse.zest.source" version="1.3.0.v20110425-2050-67A18yF6F18CBD5A7N54242" label="%featureName" provider-name="%providerName" image="eclipse_update_120.jpg"    >
	<description >
		%description
	</description>
	<copyright >
		%copyright
	</copyright>
	<license url="%licenseURL">
		%license
	</license>
	<url>
		<update url="http://download.eclipse.org/tools/gef/updates/releases/site.xml" label="%updateSiteName"/>
		<discovery url="http://download.eclipse.org/tools/gef/updates/releases/site.xml" label="%updateSiteName"/>
	</url>
	<plugin id="org.eclipse.zest.core.source" version="1.3.0.v20110221-2050"     unpack="false"/>
	<plugin id="org.eclipse.zest.layouts.source" version="1.1.0.v20110425-2050"     unpack="false"/>
</feature>
